ID,Question,Answer,Short Answer,Depiction,CulturalProperty
EVENTSITE,Dove si è svolto l'evento culturale relativo al bene?,L'evento culturale Un catalogo per immagini si è svolto nel Palazzo Chiablese.,Palazzo Chiablese,http://www.sigecweb.beniculturali.it/images/fullsize/ICCD1038644/ICCD13487006_0100262191-002.jpg,https://w3id.org/arco/resource/PhotographicHeritage/0100262191A-2
EVENTSITE,Dove si è svolto l'evento culturale relativo al bene?,L'evento culturale Un catalogo per immagini si è svolto nel Palazzo Chiablese.,Palazzo Chiablese,http://www.sigecweb.beniculturali.it/images/fullsize/ICCD1038644/ICCD13488641_0100262479.jpg,https://w3id.org/arco/resource/PhotographicHeritage/0100262479
EVENTSITE,Dove si è svolto l'evento culturale relativo al bene?,L'evento culturale Un catalogo per immagini si è svolto nel Palazzo Chiablese.,Palazzo Chiablese,http://www.sigecweb.beniculturali.it/images/fullsize/ICCD1038644/ICCD13515234_0100262191-012.jpg,https://w3id.org/arco/resource/PhotographicHeritage/0100262191A-12
EVENTSITE,Dove si è svolto l'evento culturale relativo al bene?,L'evento culturale Un catalogo per immagini si è svolto nel Palazzo Chiablese.,Palazzo Chiablese,http://www.sigecweb.beniculturali.it/images/fullsize/ICCD1038644/ICCD13334798_0100262147.jpg,https://w3id.org/arco/resource/PhotographicHeritage/0100262147
EVENTSITE,Dove si è svolto l'evento culturale relativo al bene?,L'evento culturale Un catalogo per immagini si è svolto nel Palazzo Chiablese.,Palazzo Chiablese,http://www.sigecweb.beniculturali.it/images/fullsize/ICCD1038644/ICCD13515246_0100262191-018.jpg,https://w3id.org/arco/resource/PhotographicHeritage/0100262191A-18
EVENTSITE,Dove si è svolto l'evento culturale relativo al bene?,L'evento culturale Un catalogo per immagini si è svolto nel Palazzo Chiablese.,Palazzo Chiablese,http://www.sigecweb.beniculturali.it/images/fullsize/ICCD1038644/ICCD13515256_0100262191-023.jpg,https://w3id.org/arco/resource/PhotographicHeritage/0100262191A-23
EVENTSITE,Dove si è svolto l'evento culturale relativo al bene?,L'evento culturale Un catalogo per immagini si è svolto nel Palazzo Chiablese.,Palazzo Chiablese,http://www.sigecweb.beniculturali.it/images/fullsize/ICCD1038644/ICCD13515254_0100262191-022.jpg,https://w3id.org/arco/resource/PhotographicHeritage/0100262191A-22
EVENTSITE,Dove si è svolto l'evento culturale relativo al bene?,L'evento culturale Un catalogo per immagini si è svolto nel Palazzo Chiablese.,Palazzo Chiablese,http://www.sigecweb.beniculturali.it/images/fullsize/ICCD1038644/ICCD13517911_0100262191-007.jpg,https://w3id.org/arco/resource/PhotographicHeritage/0100262191A-7
EVENTSITE,Dove si è svolto l'evento culturale relativo al bene?,L'evento culturale Un catalogo per immagini si è svolto nel Palazzo Chiablese.,Palazzo Chiablese,http://www.sigecweb.beniculturali.it/images/fullsize/ICCD1038644/ICCD13487008_0100262191-003.jpg,https://w3id.org/arco/resource/PhotographicHeritage/0100262191A-3
EVENTSITE,Dove si è svolto l'evento culturale relativo al bene?,L'evento culturale Un catalogo per immagini si è svolto nel Palazzo Chiablese.,Palazzo Chiablese,http://www.sigecweb.beniculturali.it/images/fullsize/ICCD1038644/ICCD13128704_0100262144.jpg,https://w3id.org/arco/resource/PhotographicHeritage/0100262144
EVENTSITE,Dove si è svolto l'evento culturale relativo al bene?,L'evento culturale Un catalogo per immagini si è svolto nel Palazzo Chiablese.,Palazzo Chiablese,http://www.sigecweb.beniculturali.it/images/fullsize/ICCD1038644/ICCD13334804_0100262149.jpg,https://w3id.org/arco/resource/PhotographicHeritage/0100262149
EVENTSITE,Dove si è svolto l'evento culturale relativo al bene?,L'evento culturale Un catalogo per immagini si è svolto nel Palazzo Chiablese.,Palazzo Chiablese,http://www.sigecweb.beniculturali.it/images/fullsize/ICCD1038644/ICCD13515262_0100262191-026.jpg,https://w3id.org/arco/resource/PhotographicHeritage/0100262191A-26
EVENTSITE,Dove si è svolto l'evento culturale relativo al bene?,L'evento culturale Un catalogo per immagini si è svolto nel Palazzo Chiablese.,Palazzo Chiablese,http://www.sigecweb.beniculturali.it/images/fullsize/ICCD1038644/ICCD13515226_0100262191-008.jpg,https://w3id.org/arco/resource/PhotographicHeritage/0100262191A-8
EVENTSITE,Dove si è svolto l'evento culturale relativo al bene?,L'evento culturale Un catalogo per immagini si è svolto nel Palazzo Chiablese.,Palazzo Chiablese,http://www.sigecweb.beniculturali.it/images/fullsize/ICCD1038644/ICCD13515250_0100262191-020.jpg,https://w3id.org/arco/resource/PhotographicHeritage/0100262191A-20
EVENTSITE,Dove si è svolto l'evento culturale relativo al bene?,L'evento culturale Un catalogo per immagini si è svolto nel Palazzo Chiablese.,Palazzo Chiablese,http://www.sigecweb.beniculturali.it/images/fullsize/ICCD1038644/ICCD13515264_0100262191-027.jpg,https://w3id.org/arco/resource/PhotographicHeritage/0100262191A-27
EVENTSITE,Dove si è svolto l'evento culturale relativo al bene?,L'evento culturale Un catalogo per immagini si è svolto nel Palazzo Chiablese.,Palazzo Chiablese,http://www.sigecweb.beniculturali.it/images/fullsize/ICCD1038644/ICCD13517919_0100262191-011.jpg,https://w3id.org/arco/resource/PhotographicHeritage/0100262191A-11
EVENTSITE,Dove si è svolto l'evento culturale relativo al bene?,L'evento culturale Un catalogo per immagini si è svolto nel Palazzo Chiablese.,Palazzo Chiablese,http://www.sigecweb.beniculturali.it/images/fullsize/ICCD1038644/ICCD13515258_0100262191-024.jpg,https://w3id.org/arco/resource/PhotographicHeritage/0100262191A-24
EVENTSITE,Dove si è svolto l'evento culturale relativo al bene?,L'evento culturale Un catalogo per immagini si è svolto nel Palazzo Chiablese.,Palazzo Chiablese,http://www.sigecweb.beniculturali.it/images/fullsize/ICCD1038644/ICCD13515220_0100262191-005.jpg,https://w3id.org/arco/resource/PhotographicHeritage/0100262191A-5
EVENTSITE,Dove si è svolto l'evento culturale relativo al bene?,L'evento culturale Archivi fotografici delle soprintendenze (per exempla) si è svolto nel Palazzo Pepoli Campogrande.,Palazzo Pepoli Campogrande,http://www.sigecweb.beniculturali.it/images/fullsize/ICCD1005566/ICCD10708372_P_000007.jpg,https://w3id.org/arco/resource/PhotographicHeritage/0800265622
EVENTSITE,Dove si è svolto l'evento culturale relativo al bene?,L'evento culturale Archivi fotografici delle soprintendenze (per exempla) si è svolto nel Palazzo pepoli Campogrande.,Palazzo pepoli Campogrande,http://www.sigecweb.beniculturali.it/images/fullsize/ICCD1005566/ICCD10708372_P_000007.jpg,https://w3id.org/arco/resource/PhotographicHeritage/0800265622
EVENTSITE,Dove si è svolto l'evento culturale relativo al bene?,L'evento culturale Archivi fotografici delle Soprintendenze (per exempla) si è svolto nel Palazzo Pepoli Campogrande.,Palazzo Pepoli Campogrande,http://www.sigecweb.beniculturali.it/images/fullsize/ICCD1005566/ICCD10708372_P_000007.jpg,https://w3id.org/arco/resource/PhotographicHeritage/0800265622
EVENTSITE,Dove si è svolto l'evento culturale relativo al bene?,L'evento culturale Archivi fotografici delle Soprintendenze (per exempla) si è svolto nel Palazzo pepoli Campogrande.,Palazzo pepoli Campogrande,http://www.sigecweb.beniculturali.it/images/fullsize/ICCD1005566/ICCD10708372_P_000007.jpg,https://w3id.org/arco/resource/PhotographicHeritage/0800265622
EVENTSITE,Dove si è svolto l'evento culturale relativo al bene?,L'evento culturale Archivi fotografici delle soprintendenze (per exempla) si è svolto nel Palazzo Pepoli Campogrande.,Palazzo Pepoli Campogrande,http://www.sigecweb.beniculturali.it/images/fullsize/ICCD1058894/ICCD13589635_00254733.jpg,https://w3id.org/arco/resource/PhotographicHeritage/0800366360
EVENTSITE,Dove si è svolto l'evento culturale relativo al bene?,L'evento culturale Archivi fotografici delle soprintendenze (per exempla) si è svolto nel Palazzo pepoli Campogrande.,Palazzo pepoli Campogrande,http://www.sigecweb.beniculturali.it/images/fullsize/ICCD1058894/ICCD13589635_00254733.jpg,https://w3id.org/arco/resource/PhotographicHeritage/0800366360
EVENTSITE,Dove si è svolto l'evento culturale relativo al bene?,L'evento culturale Archivi fotografici delle Soprintendenze (per exempla) si è svolto nel Palazzo Pepoli Campogrande.,Palazzo Pepoli Campogrande,http://www.sigecweb.beniculturali.it/images/fullsize/ICCD1058894/ICCD13589635_00254733.jpg,https://w3id.org/arco/resource/PhotographicHeritage/0800366360
EVENTSITE,Dove si è svolto l'evento culturale relativo al bene?,L'evento culturale Archivi fotografici delle Soprintendenze (per exempla) si è svolto nel Palazzo pepoli Campogrande.,Palazzo pepoli Campogrande,http://www.sigecweb.beniculturali.it/images/fullsize/ICCD1058894/ICCD13589635_00254733.jpg,https://w3id.org/arco/resource/PhotographicHeritage/0800366360
EVENTSITE,Dove si è svolto l'evento culturale relativo al bene?,L'evento culturale Archivi fotografici delle soprintendenze (per exempla) si è svolto nel Palazzo Pepoli Campogrande.,Palazzo Pepoli Campogrande,http://www.sigecweb.beniculturali.it/images/fullsize/ICCD1058894/ICCD13589826_00254825.jpg,https://w3id.org/arco/resource/PhotographicHeritage/0800366431
EVENTSITE,Dove si è svolto l'evento culturale relativo al bene?,L'evento culturale Archivi fotografici delle soprintendenze (per exempla) si è svolto nel Palazzo pepoli Campogrande.,Palazzo pepoli Campogrande,http://www.sigecweb.beniculturali.it/images/fullsize/ICCD1058894/ICCD13589826_00254825.jpg,https://w3id.org/arco/resource/PhotographicHeritage/0800366431
EVENTSITE,Dove si è svolto l'evento culturale relativo al bene?,L'evento culturale Archivi fotografici delle Soprintendenze (per exempla) si è svolto nel Palazzo Pepoli Campogrande.,Palazzo Pepoli Campogrande,http://www.sigecweb.beniculturali.it/images/fullsize/ICCD1058894/ICCD13589826_00254825.jpg,https://w3id.org/arco/resource/PhotographicHeritage/0800366431
EVENTSITE,Dove si è svolto l'evento culturale relativo al bene?,L'evento culturale Archivi fotografici delle Soprintendenze (per exempla) si è svolto nel Palazzo pepoli Campogrande.,Palazzo pepoli Campogrande,http://www.sigecweb.beniculturali.it/images/fullsize/ICCD1058894/ICCD13589826_00254825.jpg,https://w3id.org/arco/resource/PhotographicHeritage/0800366431
EVENTSITE,Dove si è svolto l'evento culturale relativo al bene?,L'evento culturale Archivi fotografici delle soprintendenze (per exempla) si è svolto nel Palazzo Pepoli Campogrande.,Palazzo Pepoli Campogrande,http://www.sigecweb.beniculturali.it/images/fullsize/ICCD1005566/ICCD10708305_P_000006.jpg,https://w3id.org/arco/resource/PhotographicHeritage/0800265621
EVENTSITE,Dove si è svolto l'evento culturale relativo al bene?,L'evento culturale Archivi fotografici delle soprintendenze (per exempla) si è svolto nel Palazzo pepoli Campogrande.,Palazzo pepoli Campogrande,http://www.sigecweb.beniculturali.it/images/fullsize/ICCD1005566/ICCD10708305_P_000006.jpg,https://w3id.org/arco/resource/PhotographicHeritage/0800265621
EVENTSITE,Dove si è svolto l'evento culturale relativo al bene?,L'evento culturale Archivi fotografici delle Soprintendenze (per exempla) si è svolto nel Palazzo Pepoli Campogrande.,Palazzo Pepoli Campogrande,http://www.sigecweb.beniculturali.it/images/fullsize/ICCD1005566/ICCD10708305_P_000006.jpg,https://w3id.org/arco/resource/PhotographicHeritage/0800265621
EVENTSITE,Dove si è svolto l'evento culturale relativo al bene?,L'evento culturale Archivi fotografici delle Soprintendenze (per exempla) si è svolto nel Palazzo pepoli Campogrande.,Palazzo pepoli Campogrande,http://www.sigecweb.beniculturali.it/images/fullsize/ICCD1005566/ICCD10708305_P_000006.jpg,https://w3id.org/arco/resource/PhotographicHeritage/0800265621
EVENTSITE,Dove si è svolto l'evento culturale relativo al bene?,L'evento culturale Archivi fotografici delle soprintendenze (per exempla) si è svolto nel Palazzo Pepoli Campogrande.,Palazzo Pepoli Campogrande,http://www.sigecweb.beniculturali.it/images/fullsize/ICCD1058894/ICCD13589490_00254860.jpg,https://w3id.org/arco/resource/PhotographicHeritage/0800391974
EVENTSITE,Dove si è svolto l'evento culturale relativo al bene?,L'evento culturale Archivi fotografici delle soprintendenze (per exempla) si è svolto nel Palazzo pepoli Campogrande.,Palazzo pepoli Campogrande,http://www.sigecweb.beniculturali.it/images/fullsize/ICCD1058894/ICCD13589490_00254860.jpg,https://w3id.org/arco/resource/PhotographicHeritage/0800391974
EVENTSITE,Dove si è svolto l'evento culturale relativo al bene?,L'evento culturale Archivi fotografici delle Soprintendenze (per exempla) si è svolto nel Palazzo Pepoli Campogrande.,Palazzo Pepoli Campogrande,http://www.sigecweb.beniculturali.it/images/fullsize/ICCD1058894/ICCD13589490_00254860.jpg,https://w3id.org/arco/resource/PhotographicHeritage/0800391974
EVENTSITE,Dove si è svolto l'evento culturale relativo al bene?,L'evento culturale Archivi fotografici delle Soprintendenze (per exempla) si è svolto nel Palazzo pepoli Campogrande.,Palazzo pepoli Campogrande,http://www.sigecweb.beniculturali.it/images/fullsize/ICCD1058894/ICCD13589490_00254860.jpg,https://w3id.org/arco/resource/PhotographicHeritage/0800391974
EVENTSITE,Dove si è svolto l'evento culturale relativo al bene?,L'evento culturale Arte nelle fotografie di Palazzo Pepoli Campogrande si è svolto nel Palazzo Pepoli Campogrande.,Palazzo Pepoli Campogrande,http://www.sigecweb.beniculturali.it/images/fullsize/ICCD50007109/ICCD5518139_00235414.jpg,https://w3id.org/arco/resource/PhotographicHeritage/0800391707
EVENTSITE,Dove si è svolto l'evento culturale relativo al bene?,L'evento culturale Arte nelle fotografie di Palazzo Pepoli Campogrande si è svolto nel Palazzo pepoli Campogrande.,Palazzo pepoli Campogrande,http://www.sigecweb.beniculturali.it/images/fullsize/ICCD50007109/ICCD5518139_00235414.jpg,https://w3id.org/arco/resource/PhotographicHeritage/0800391707
EVENTSITE,Dove si è svolto l'evento culturale relativo al bene?,L'evento culturale Arte nelle fotografie di Palazzo Pepoli Campogrande si è svolto nel Palazzo Pepoli Campogrande.,Palazzo Pepoli Campogrande,http://www.sigecweb.beniculturali.it/images/fullsize/ICCD50007109/ICCD5518137_00235413.jpg,https://w3id.org/arco/resource/PhotographicHeritage/0800391706
EVENTSITE,Dove si è svolto l'evento culturale relativo al bene?,L'evento culturale Arte nelle fotografie di Palazzo Pepoli Campogrande si è svolto nel Palazzo pepoli Campogrande.,Palazzo pepoli Campogrande,http://www.sigecweb.beniculturali.it/images/fullsize/ICCD50007109/ICCD5518137_00235413.jpg,https://w3id.org/arco/resource/PhotographicHeritage/0800391706
EVENTSITE,Dove si è svolto l'evento culturale relativo al bene?,L'evento culturale Alfredo d'Andrade: tutela e restauro si è svolto nel Palazzo Reale - Palazzo Madama.,Palazzo Reale - Palazzo Madama,http://www.sigecweb.beniculturali.it/images/fullsize/ICCD1038644/ICCD13334770_0100262092-004.jpg,https://w3id.org/arco/resource/PhotographicHeritage/0100262092A-4
EVENTSITE,Dove si è svolto l'evento culturale relativo al bene?,L'evento culturale Alfredo D'Andrade: tutela e restauro si è svolto nel Palazzo Reale - Palazzo Madama.,Palazzo Reale - Palazzo Madama,http://www.sigecweb.beniculturali.it/images/fullsize/ICCD1038644/ICCD13334770_0100262092-004.jpg,https://w3id.org/arco/resource/PhotographicHeritage/0100262092A-4
EVENTSITE,Dove si è svolto l'evento culturale relativo al bene?,L'evento culturale Alfredo d'Andrade: tutela e restauro si è svolto nel Palazzo Reale - Palazzo Madama.,Palazzo Reale - Palazzo Madama,http://www.sigecweb.beniculturali.it/images/fullsize/ICCD1038644/ICCD13334760_0100262091-005.jpg,https://w3id.org/arco/resource/PhotographicHeritage/0100262091A-5
EVENTSITE,Dove si è svolto l'evento culturale relativo al bene?,L'evento culturale Alfredo D'Andrade: tutela e restauro si è svolto nel Palazzo Reale - Palazzo Madama.,Palazzo Reale - Palazzo Madama,http://www.sigecweb.beniculturali.it/images/fullsize/ICCD1038644/ICCD13334760_0100262091-005.jpg,https://w3id.org/arco/resource/PhotographicHeritage/0100262091A-5
EVENTSITE,Dove si è svolto l'evento culturale relativo al bene?,L'evento culturale Alfredo d'Andrade: tutela e restauro si è svolto nel Palazzo Reale - Palazzo Madama.,Palazzo Reale - Palazzo Madama,http://www.sigecweb.beniculturali.it/images/fullsize/ICCD1038644/ICCD13334766_0100262092-003.jpg,https://w3id.org/arco/resource/PhotographicHeritage/0100262092A-3
EVENTSITE,Dove si è svolto l'evento culturale relativo al bene?,L'evento culturale Alfredo D'Andrade: tutela e restauro si è svolto nel Palazzo Reale - Palazzo Madama.,Palazzo Reale - Palazzo Madama,http://www.sigecweb.beniculturali.it/images/fullsize/ICCD1038644/ICCD13334766_0100262092-003.jpg,https://w3id.org/arco/resource/PhotographicHeritage/0100262092A-3
EVENTSITE,Dove si è svolto l'evento culturale relativo al bene?,L'evento culturale Alfredo d'Andrade: tutela e restauro si è svolto nel Palazzo Reale - Palazzo Madama.,Palazzo Reale - Palazzo Madama,http://www.sigecweb.beniculturali.it/images/fullsize/ICCD1038644/ICCD13334772_0100262092-005.jpg,https://w3id.org/arco/resource/PhotographicHeritage/0100262092A-5
EVENTSITE,Dove si è svolto l'evento culturale relativo al bene?,L'evento culturale Alfredo D'Andrade: tutela e restauro si è svolto nel Palazzo Reale - Palazzo Madama.,Palazzo Reale - Palazzo Madama,http://www.sigecweb.beniculturali.it/images/fullsize/ICCD1038644/ICCD13334772_0100262092-005.jpg,https://w3id.org/arco/resource/PhotographicHeritage/0100262092A-5
EVENTSITE,Dove si è svolto l'evento culturale relativo al bene?,L'evento culturale Alfredo d'Andrade: tutela e restauro si è svolto nel Palazzo Reale - Palazzo Madama.,Palazzo Reale - Palazzo Madama,http://www.sigecweb.beniculturali.it/images/fullsize/ICCD12506/ICCD2388204_FTM_30406S913.jpg,https://w3id.org/arco/resource/HistoricOrArtisticProperty/0100028015
EVENTSITE,Dove si è svolto l'evento culturale relativo al bene?,L'evento culturale Alfredo D'Andrade: tutela e restauro si è svolto nel Palazzo Reale - Palazzo Madama.,Palazzo Reale - Palazzo Madama,http://www.sigecweb.beniculturali.it/images/fullsize/ICCD12506/ICCD2388204_FTM_30406S913.jpg,https://w3id.org/arco/resource/HistoricOrArtisticProperty/0100028015
EVENTSITE,Dove si è svolto l'evento culturale relativo al bene?,L'evento culturale Alfredo d'Andrade: tutela e restauro si è svolto nel Palazzo Reale - Palazzo Madama.,Palazzo Reale - Palazzo Madama,http://www.sigecweb.beniculturali.it/images/fullsize/ICCD12506/ICCD2388222_FTM_30471S911.jpg,https://w3id.org/arco/resource/HistoricOrArtisticProperty/0100028024
EVENTSITE,Dove si è svolto l'evento culturale relativo al bene?,L'evento culturale Alfredo D'Andrade: tutela e restauro si è svolto nel Palazzo Reale - Palazzo Madama.,Palazzo Reale - Palazzo Madama,http://www.sigecweb.beniculturali.it/images/fullsize/ICCD12506/ICCD2388222_FTM_30471S911.jpg,https://w3id.org/arco/resource/HistoricOrArtisticProperty/0100028024
EVENTSITE,Dove si è svolto l'evento culturale relativo al bene?,L'evento culturale Lo spazio il tempo e le opere. Il catalogo del patrimonio culturale si è svolto nel Pinacoteca Nazionale.,Pinacoteca Nazionale,http://www.sigecweb.beniculturali.it/images/fullsize/ICCD50007109/ICCD5518091_00235390.jpg,https://w3id.org/arco/resource/PhotographicHeritage/0800391683
EVENTSITE,Dove si è svolto l'evento culturale relativo al bene?,L'evento culturale Garibaldi Arte e Storia si è svolto nel Palazzo Venezia/ Museo Centrale del Risorgimento.,Palazzo Venezia/ Museo Centrale del Risorgimento,http://www.sigecweb.beniculturali.it/images/fullsize/ICCD12506/ICCD8165176_00173931.jpg,https://w3id.org/arco/resource/HistoricOrArtisticProperty/0100201513
EVENTSITE,Dove si è svolto l'evento culturale relativo al bene?,L'evento culturale Garibaldi. Arte e Storia si è svolto nel Palazzo Venezia/ Museo Centrale del Risorgimento.,Palazzo Venezia/ Museo Centrale del Risorgimento,http://www.sigecweb.beniculturali.it/images/fullsize/ICCD12506/ICCD8165176_00173931.jpg,https://w3id.org/arco/resource/HistoricOrArtisticProperty/0100201513
EVENTSITE,Dove si è svolto l'evento culturale relativo al bene?,L'evento culturale Garibaldi. Arte e storia si è svolto nel Palazzo Venezia/ Museo Centrale del Risorgimento.,Palazzo Venezia/ Museo Centrale del Risorgimento,http://www.sigecweb.beniculturali.it/images/fullsize/ICCD12506/ICCD8165176_00173931.jpg,https://w3id.org/arco/resource/HistoricOrArtisticProperty/0100201513
EVENTSITE,Dove si è svolto l'evento culturale relativo al bene?,"L'evento culturale Garibaldi, Arte e Storia si è svolto nel Palazzo Venezia/ Museo Centrale del Risorgimento.",Palazzo Venezia/ Museo Centrale del Risorgimento,http://www.sigecweb.beniculturali.it/images/fullsize/ICCD12506/ICCD8165176_00173931.jpg,https://w3id.org/arco/resource/HistoricOrArtisticProperty/0100201513
EVENTSITE,Dove si è svolto l'evento culturale relativo al bene?,L'evento culturale Garibaldi Arte e Storia si è svolto nel Palazzo Venezia/ Museo Centrale del Risorgimento.,Palazzo Venezia/ Museo Centrale del Risorgimento,http://www.sigecweb.beniculturali.it/images/fullsize/ICCD50007111/ICCD4151681_00128642.jpg,https://w3id.org/arco/resource/HistoricOrArtisticProperty/0800403871
EVENTSITE,Dove si è svolto l'evento culturale relativo al bene?,L'evento culturale Garibaldi. Arte e Storia si è svolto nel Palazzo Venezia/ Museo Centrale del Risorgimento.,Palazzo Venezia/ Museo Centrale del Risorgimento,http://www.sigecweb.beniculturali.it/images/fullsize/ICCD50007111/ICCD4151681_00128642.jpg,https://w3id.org/arco/resource/HistoricOrArtisticProperty/0800403871
EVENTSITE,Dove si è svolto l'evento culturale relativo al bene?,L'evento culturale Garibaldi. Arte e storia si è svolto nel Palazzo Venezia/ Museo Centrale del Risorgimento.,Palazzo Venezia/ Museo Centrale del Risorgimento,http://www.sigecweb.beniculturali.it/images/fullsize/ICCD50007111/ICCD4151681_00128642.jpg,https://w3id.org/arco/resource/HistoricOrArtisticProperty/0800403871
EVENTSITE,Dove si è svolto l'evento culturale relativo al bene?,"L'evento culturale Garibaldi, Arte e Storia si è svolto nel Palazzo Venezia/ Museo Centrale del Risorgimento.",Palazzo Venezia/ Museo Centrale del Risorgimento,http://www.sigecweb.beniculturali.it/images/fullsize/ICCD50007111/ICCD4151681_00128642.jpg,https://w3id.org/arco/resource/HistoricOrArtisticProperty/0800403871
EVENTSITE,Dove si è svolto l'evento culturale relativo al bene?,L'evento culturale Garibaldi Arte e Storia si è svolto nel Palazzo Venezia/ Museo Centrale del Risorgimento.,Palazzo Venezia/ Museo Centrale del Risorgimento,http://www.sigecweb.beniculturali.it/images/fullsize/ICCD1024485/ICCD11306004_Costa-Querce secche - H 993.jpg,https://w3id.org/arco/resource/HistoricOrArtisticProperty/1200827505
EVENTSITE,Dove si è svolto l'evento culturale relativo al bene?,L'evento culturale Garibaldi. Arte e Storia si è svolto nel Palazzo Venezia/ Museo Centrale del Risorgimento.,Palazzo Venezia/ Museo Centrale del Risorgimento,http://www.sigecweb.beniculturali.it/images/fullsize/ICCD1024485/ICCD11306004_Costa-Querce secche - H 993.jpg,https://w3id.org/arco/resource/HistoricOrArtisticProperty/1200827505
EVENTSITE,Dove si è svolto l'evento culturale relativo al bene?,L'evento culturale Garibaldi. Arte e storia si è svolto nel Palazzo Venezia/ Museo Centrale del Risorgimento.,Palazzo Venezia/ Museo Centrale del Risorgimento,http://www.sigecweb.beniculturali.it/images/fullsize/ICCD1024485/ICCD11306004_Costa-Querce secche - H 993.jpg,https://w3id.org/arco/resource/HistoricOrArtisticProperty/1200827505
EVENTSITE,Dove si è svolto l'evento culturale relativo al bene?,"L'evento culturale Garibaldi, Arte e Storia si è svolto nel Palazzo Venezia/ Museo Centrale del Risorgimento.",Palazzo Venezia/ Museo Centrale del Risorgimento,http://www.sigecweb.beniculturali.it/images/fullsize/ICCD1024485/ICCD11306004_Costa-Querce secche - H 993.jpg,https://w3id.org/arco/resource/HistoricOrArtisticProperty/1200827505
EVENTSITE,Dove si è svolto l'evento culturale relativo al bene?,L'evento culturale Garibaldi Arte e Storia si è svolto nel Palazzo Venezia/ Museo Centrale del Risorgimento.,Palazzo Venezia/ Museo Centrale del Risorgimento,http://www.sigecweb.beniculturali.it/images/fullsize/ICCD1004087/ICCD10024197_193781.JPG,https://w3id.org/arco/resource/HistoricOrArtisticProperty/0900225226
EVENTSITE,Dove si è svolto l'evento culturale relativo al bene?,L'evento culturale Garibaldi. Arte e Storia si è svolto nel Palazzo Venezia/ Museo Centrale del Risorgimento.,Palazzo Venezia/ Museo Centrale del Risorgimento,http://www.sigecweb.beniculturali.it/images/fullsize/ICCD1004087/ICCD10024197_193781.JPG,https://w3id.org/arco/resource/HistoricOrArtisticProperty/0900225226
EVENTSITE,Dove si è svolto l'evento culturale relativo al bene?,L'evento culturale Garibaldi. Arte e storia si è svolto nel Palazzo Venezia/ Museo Centrale del Risorgimento.,Palazzo Venezia/ Museo Centrale del Risorgimento,http://www.sigecweb.beniculturali.it/images/fullsize/ICCD1004087/ICCD10024197_193781.JPG,https://w3id.org/arco/resource/HistoricOrArtisticProperty/0900225226
EVENTSITE,Dove si è svolto l'evento culturale relativo al bene?,"L'evento culturale Garibaldi, Arte e Storia si è svolto nel Palazzo Venezia/ Museo Centrale del Risorgimento.",Palazzo Venezia/ Museo Centrale del Risorgimento,http://www.sigecweb.beniculturali.it/images/fullsize/ICCD1004087/ICCD10024197_193781.JPG,https://w3id.org/arco/resource/HistoricOrArtisticProperty/0900225226
EVENTSITE,Dove si è svolto l'evento culturale relativo al bene?,L'evento culturale Garibaldi Arte e Storia si è svolto nel Palazzo Venezia/ Museo Centrale del Risorgimento.,Palazzo Venezia/ Museo Centrale del Risorgimento,http://www.sigecweb.beniculturali.it/images/fullsize/ICCD50007116/ICCD3318225_D0180750.jpg,https://w3id.org/arco/resource/HistoricOrArtisticProperty/0300180750
EVENTSITE,Dove si è svolto l'evento culturale relativo al bene?,L'evento culturale Garibaldi. Arte e Storia si è svolto nel Palazzo Venezia/ Museo Centrale del Risorgimento.,Palazzo Venezia/ Museo Centrale del Risorgimento,http://www.sigecweb.beniculturali.it/images/fullsize/ICCD50007116/ICCD3318225_D0180750.jpg,https://w3id.org/arco/resource/HistoricOrArtisticProperty/0300180750
EVENTSITE,Dove si è svolto l'evento culturale relativo al bene?,L'evento culturale Garibaldi. Arte e storia si è svolto nel Palazzo Venezia/ Museo Centrale del Risorgimento.,Palazzo Venezia/ Museo Centrale del Risorgimento,http://www.sigecweb.beniculturali.it/images/fullsize/ICCD50007116/ICCD3318225_D0180750.jpg,https://w3id.org/arco/resource/HistoricOrArtisticProperty/0300180750
EVENTSITE,Dove si è svolto l'evento culturale relativo al bene?,"L'evento culturale Garibaldi, Arte e Storia si è svolto nel Palazzo Venezia/ Museo Centrale del Risorgimento.",Palazzo Venezia/ Museo Centrale del Risorgimento,http://www.sigecweb.beniculturali.it/images/fullsize/ICCD50007116/ICCD3318225_D0180750.jpg,https://w3id.org/arco/resource/HistoricOrArtisticProperty/0300180750
EVENTSITE,Dove si è svolto l'evento culturale relativo al bene?,L'evento culturale Garibaldi Arte e Storia si è svolto nel Palazzo Venezia/ Museo Centrale del Risorgimento.,Palazzo Venezia/ Museo Centrale del Risorgimento,http://www.sigecweb.beniculturali.it/images/fullsize/ICCD1003351/ICCD10107167_DIA63084.jpg,https://w3id.org/arco/resource/HistoricOrArtisticProperty/0100351224
EVENTSITE,Dove si è svolto l'evento culturale relativo al bene?,L'evento culturale Garibaldi. Arte e Storia si è svolto nel Palazzo Venezia/ Museo Centrale del Risorgimento.,Palazzo Venezia/ Museo Centrale del Risorgimento,http://www.sigecweb.beniculturali.it/images/fullsize/ICCD1003351/ICCD10107167_DIA63084.jpg,https://w3id.org/arco/resource/HistoricOrArtisticProperty/0100351224
EVENTSITE,Dove si è svolto l'evento culturale relativo al bene?,L'evento culturale Garibaldi. Arte e storia si è svolto nel Palazzo Venezia/ Museo Centrale del Risorgimento.,Palazzo Venezia/ Museo Centrale del Risorgimento,http://www.sigecweb.beniculturali.it/images/fullsize/ICCD1003351/ICCD10107167_DIA63084.jpg,https://w3id.org/arco/resource/HistoricOrArtisticProperty/0100351224
EVENTSITE,Dove si è svolto l'evento culturale relativo al bene?,"L'evento culturale Garibaldi, Arte e Storia si è svolto nel Palazzo Venezia/ Museo Centrale del Risorgimento.",Palazzo Venezia/ Museo Centrale del Risorgimento,http://www.sigecweb.beniculturali.it/images/fullsize/ICCD1003351/ICCD10107167_DIA63084.jpg,https://w3id.org/arco/resource/HistoricOrArtisticProperty/0100351224
EVENTSITE,Dove si è svolto l'evento culturale relativo al bene?,L'evento culturale Garibaldi Arte e Storia si è svolto nel Palazzo Venezia/ Museo Centrale del Risorgimento.,Palazzo Venezia/ Museo Centrale del Risorgimento,http://www.sigecweb.beniculturali.it/images/fullsize/ICCD50007109/ICCD8378225_FAV00164.jpg,https://w3id.org/arco/resource/PhotographicHeritage/0800418005
EVENTSITE,Dove si è svolto l'evento culturale relativo al bene?,L'evento culturale Garibaldi. Arte e Storia si è svolto nel Palazzo Venezia/ Museo Centrale del Risorgimento.,Palazzo Venezia/ Museo Centrale del Risorgimento,http://www.sigecweb.beniculturali.it/images/fullsize/ICCD50007109/ICCD8378225_FAV00164.jpg,https://w3id.org/arco/resource/PhotographicHeritage/0800418005
EVENTSITE,Dove si è svolto l'evento culturale relativo al bene?,L'evento culturale Garibaldi. Arte e storia si è svolto nel Palazzo Venezia/ Museo Centrale del Risorgimento.,Palazzo Venezia/ Museo Centrale del Risorgimento,http://www.sigecweb.beniculturali.it/images/fullsize/ICCD50007109/ICCD8378225_FAV00164.jpg,https://w3id.org/arco/resource/PhotographicHeritage/0800418005
EVENTSITE,Dove si è svolto l'evento culturale relativo al bene?,"L'evento culturale Garibaldi, Arte e Storia si è svolto nel Palazzo Venezia/ Museo Centrale del Risorgimento.",Palazzo Venezia/ Museo Centrale del Risorgimento,http://www.sigecweb.beniculturali.it/images/fullsize/ICCD50007109/ICCD8378225_FAV00164.jpg,https://w3id.org/arco/resource/PhotographicHeritage/0800418005
EVENTSITE,Dove si è svolto l'evento culturale relativo al bene?,L'evento culturale Garibaldi Arte e Storia si è svolto nel Palazzo Venezia/ Museo Centrale del Risorgimento.,Palazzo Venezia/ Museo Centrale del Risorgimento,http://www.sigecweb.beniculturali.it/images/fullsize/ICCD50007109/ICCD8378227_FAV00165.jpg,https://w3id.org/arco/resource/PhotographicHeritage/0800418006
EVENTSITE,Dove si è svolto l'evento culturale relativo al bene?,L'evento culturale Garibaldi. Arte e Storia si è svolto nel Palazzo Venezia/ Museo Centrale del Risorgimento.,Palazzo Venezia/ Museo Centrale del Risorgimento,http://www.sigecweb.beniculturali.it/images/fullsize/ICCD50007109/ICCD8378227_FAV00165.jpg,https://w3id.org/arco/resource/PhotographicHeritage/0800418006
EVENTSITE,Dove si è svolto l'evento culturale relativo al bene?,L'evento culturale Garibaldi. Arte e storia si è svolto nel Palazzo Venezia/ Museo Centrale del Risorgimento.,Palazzo Venezia/ Museo Centrale del Risorgimento,http://www.sigecweb.beniculturali.it/images/fullsize/ICCD50007109/ICCD8378227_FAV00165.jpg,https://w3id.org/arco/resource/PhotographicHeritage/0800418006
EVENTSITE,Dove si è svolto l'evento culturale relativo al bene?,"L'evento culturale Garibaldi, Arte e Storia si è svolto nel Palazzo Venezia/ Museo Centrale del Risorgimento.",Palazzo Venezia/ Museo Centrale del Risorgimento,http://www.sigecweb.beniculturali.it/images/fullsize/ICCD50007109/ICCD8378227_FAV00165.jpg,https://w3id.org/arco/resource/PhotographicHeritage/0800418006
EVENTSITE,Dove si è svolto l'evento culturale relativo al bene?,L'evento culturale Garibaldi Arte e Storia si è svolto nel Palazzo Venezia/ Museo Centrale del Risorgimento.,Palazzo Venezia/ Museo Centrale del Risorgimento,http://www.sigecweb.beniculturali.it/images/fullsize/ICCD1024485/ICCD11306523_Pagliano- Manara H 1334.jpg,https://w3id.org/arco/resource/HistoricOrArtisticProperty/1200826930
EVENTSITE,Dove si è svolto l'evento culturale relativo al bene?,L'evento culturale Garibaldi. Arte e Storia si è svolto nel Palazzo Venezia/ Museo Centrale del Risorgimento.,Palazzo Venezia/ Museo Centrale del Risorgimento,http://www.sigecweb.beniculturali.it/images/fullsize/ICCD1024485/ICCD11306523_Pagliano- Manara H 1334.jpg,https://w3id.org/arco/resource/HistoricOrArtisticProperty/1200826930
EVENTSITE,Dove si è svolto l'evento culturale relativo al bene?,L'evento culturale Garibaldi. Arte e storia si è svolto nel Palazzo Venezia/ Museo Centrale del Risorgimento.,Palazzo Venezia/ Museo Centrale del Risorgimento,http://www.sigecweb.beniculturali.it/images/fullsize/ICCD1024485/ICCD11306523_Pagliano- Manara H 1334.jpg,https://w3id.org/arco/resource/HistoricOrArtisticProperty/1200826930
EVENTSITE,Dove si è svolto l'evento culturale relativo al bene?,"L'evento culturale Garibaldi, Arte e Storia si è svolto nel Palazzo Venezia/ Museo Centrale del Risorgimento.",Palazzo Venezia/ Museo Centrale del Risorgimento,http://www.sigecweb.beniculturali.it/images/fullsize/ICCD1024485/ICCD11306523_Pagliano- Manara H 1334.jpg,https://w3id.org/arco/resource/HistoricOrArtisticProperty/1200826930
EVENTSITE,Dove si è svolto l'evento culturale relativo al bene?,L'evento culturale Garibaldi Arte e Storia si è svolto nel Palazzo Venezia/ Museo Centrale del Risorgimento.,Palazzo Venezia/ Museo Centrale del Risorgimento,http://www.sigecweb.beniculturali.it/images/fullsize/ICCD1024485/ICCD11306519_Montefusco V. L'addio G 3664.jpg,https://w3id.org/arco/resource/HistoricOrArtisticProperty/1200826922
EVENTSITE,Dove si è svolto l'evento culturale relativo al bene?,L'evento culturale Garibaldi. Arte e Storia si è svolto nel Palazzo Venezia/ Museo Centrale del Risorgimento.,Palazzo Venezia/ Museo Centrale del Risorgimento,http://www.sigecweb.beniculturali.it/images/fullsize/ICCD1024485/ICCD11306519_Montefusco V. L'addio G 3664.jpg,https://w3id.org/arco/resource/HistoricOrArtisticProperty/1200826922
EVENTSITE,Dove si è svolto l'evento culturale relativo al bene?,L'evento culturale Garibaldi. Arte e storia si è svolto nel Palazzo Venezia/ Museo Centrale del Risorgimento.,Palazzo Venezia/ Museo Centrale del Risorgimento,http://www.sigecweb.beniculturali.it/images/fullsize/ICCD1024485/ICCD11306519_Montefusco V. L'addio G 3664.jpg,https://w3id.org/arco/resource/HistoricOrArtisticProperty/1200826922
EVENTSITE,Dove si è svolto l'evento culturale relativo al bene?,"L'evento culturale Garibaldi, Arte e Storia si è svolto nel Palazzo Venezia/ Museo Centrale del Risorgimento.",Palazzo Venezia/ Museo Centrale del Risorgimento,http://www.sigecweb.beniculturali.it/images/fullsize/ICCD1024485/ICCD11306519_Montefusco V. L'addio G 3664.jpg,https://w3id.org/arco/resource/HistoricOrArtisticProperty/1200826922
EVENTSITE,Dove si è svolto l'evento culturale relativo al bene?,L'evento culturale Garibaldi Arte e Storia si è svolto nel Palazzo Venezia/ Museo Centrale del Risorgimento.,Palazzo Venezia/ Museo Centrale del Risorgimento,http://www.sigecweb.beniculturali.it/images/fullsize/ICCD1024485/ICCD11306006_Costa-Verso Ardea - H 1458.jpg,https://w3id.org/arco/resource/HistoricOrArtisticProperty/1200827506
EVENTSITE,Dove si è svolto l'evento culturale relativo al bene?,L'evento culturale Garibaldi. Arte e Storia si è svolto nel Palazzo Venezia/ Museo Centrale del Risorgimento.,Palazzo Venezia/ Museo Centrale del Risorgimento,http://www.sigecweb.beniculturali.it/images/fullsize/ICCD1024485/ICCD11306006_Costa-Verso Ardea - H 1458.jpg,https://w3id.org/arco/resource/HistoricOrArtisticProperty/1200827506
EVENTSITE,Dove si è svolto l'evento culturale relativo al bene?,L'evento culturale Garibaldi. Arte e storia si è svolto nel Palazzo Venezia/ Museo Centrale del Risorgimento.,Palazzo Venezia/ Museo Centrale del Risorgimento,http://www.sigecweb.beniculturali.it/images/fullsize/ICCD1024485/ICCD11306006_Costa-Verso Ardea - H 1458.jpg,https://w3id.org/arco/resource/HistoricOrArtisticProperty/1200827506
EVENTSITE,Dove si è svolto l'evento culturale relativo al bene?,"L'evento culturale Garibaldi, Arte e Storia si è svolto nel Palazzo Venezia/ Museo Centrale del Risorgimento.",Palazzo Venezia/ Museo Centrale del Risorgimento,http://www.sigecweb.beniculturali.it/images/fullsize/ICCD1024485/ICCD11306006_Costa-Verso Ardea - H 1458.jpg,https://w3id.org/arco/resource/HistoricOrArtisticProperty/1200827506
EVENTSITE,Dove si è svolto l'evento culturale relativo al bene?,L'evento culturale Garibaldi Arte e Storia si è svolto nel Palazzo Venezia/ Museo Centrale del Risorgimento.,Palazzo Venezia/ Museo Centrale del Risorgimento,http://www.sigecweb.beniculturali.it/images/fullsize/ICCD50007109/ICCD8378220_FAV00161.jpg,https://w3id.org/arco/resource/PhotographicHeritage/0800418003
EVENTSITE,Dove si è svolto l'evento culturale relativo al bene?,L'evento culturale Garibaldi. Arte e Storia si è svolto nel Palazzo Venezia/ Museo Centrale del Risorgimento.,Palazzo Venezia/ Museo Centrale del Risorgimento,http://www.sigecweb.beniculturali.it/images/fullsize/ICCD50007109/ICCD8378220_FAV00161.jpg,https://w3id.org/arco/resource/PhotographicHeritage/0800418003
EVENTSITE,Dove si è svolto l'evento culturale relativo al bene?,L'evento culturale Garibaldi. Arte e storia si è svolto nel Palazzo Venezia/ Museo Centrale del Risorgimento.,Palazzo Venezia/ Museo Centrale del Risorgimento,http://www.sigecweb.beniculturali.it/images/fullsize/ICCD50007109/ICCD8378220_FAV00161.jpg,https://w3id.org/arco/resource/PhotographicHeritage/0800418003
EVENTSITE,Dove si è svolto l'evento culturale relativo al bene?,"L'evento culturale Garibaldi, Arte e Storia si è svolto nel Palazzo Venezia/ Museo Centrale del Risorgimento.",Palazzo Venezia/ Museo Centrale del Risorgimento,http://www.sigecweb.beniculturali.it/images/fullsize/ICCD50007109/ICCD8378220_FAV00161.jpg,https://w3id.org/arco/resource/PhotographicHeritage/0800418003
EVENTSITE,Dove si è svolto l'evento culturale relativo al bene?,L'evento culturale Garibaldi Arte e Storia si è svolto nel Palazzo Venezia/ Museo Centrale del Risorgimento.,Palazzo Venezia/ Museo Centrale del Risorgimento,http://www.sigecweb.beniculturali.it/images/fullsize/ICCD1024485/ICCD11306533_Ademollo Carlo San Martino H 1317.jpg,https://w3id.org/arco/resource/HistoricOrArtisticProperty/1200827472
EVENTSITE,Dove si è svolto l'evento culturale relativo al bene?,L'evento culturale Garibaldi. Arte e Storia si è svolto nel Palazzo Venezia/ Museo Centrale del Risorgimento.,Palazzo Venezia/ Museo Centrale del Risorgimento,http://www.sigecweb.beniculturali.it/images/fullsize/ICCD1024485/ICCD11306533_Ademollo Carlo San Martino H 1317.jpg,https://w3id.org/arco/resource/HistoricOrArtisticProperty/1200827472
EVENTSITE,Dove si è svolto l'evento culturale relativo al bene?,L'evento culturale Garibaldi. Arte e storia si è svolto nel Palazzo Venezia/ Museo Centrale del Risorgimento.,Palazzo Venezia/ Museo Centrale del Risorgimento,http://www.sigecweb.beniculturali.it/images/fullsize/ICCD1024485/ICCD11306533_Ademollo Carlo San Martino H 1317.jpg,https://w3id.org/arco/resource/HistoricOrArtisticProperty/1200827472
EVENTSITE,Dove si è svolto l'evento culturale relativo al bene?,"L'evento culturale Garibaldi, Arte e Storia si è svolto nel Palazzo Venezia/ Museo Centrale del Risorgimento.",Palazzo Venezia/ Museo Centrale del Risorgimento,http://www.sigecweb.beniculturali.it/images/fullsize/ICCD1024485/ICCD11306533_Ademollo Carlo San Martino H 1317.jpg,https://w3id.org/arco/resource/HistoricOrArtisticProperty/1200827472
EVENTSITE,Dove si è svolto l'evento culturale relativo al bene?,L'evento culturale Garibaldi Arte e Storia si è svolto nel Palazzo Venezia/ Museo Centrale del Risorgimento.,Palazzo Venezia/ Museo Centrale del Risorgimento,http://www.sigecweb.beniculturali.it/images/fullsize/ICCD1024485/ICCD11306555_Induno G. Garibaldi G 3958.jpg,https://w3id.org/arco/resource/HistoricOrArtisticProperty/1200489494
EVENTSITE,Dove si è svolto l'evento culturale relativo al bene?,L'evento culturale Garibaldi. Arte e Storia si è svolto nel Palazzo Venezia/ Museo Centrale del Risorgimento.,Palazzo Venezia/ Museo Centrale del Risorgimento,http://www.sigecweb.beniculturali.it/images/fullsize/ICCD1024485/ICCD11306555_Induno G. Garibaldi G 3958.jpg,https://w3id.org/arco/resource/HistoricOrArtisticProperty/1200489494
EVENTSITE,Dove si è svolto l'evento culturale relativo al bene?,L'evento culturale Garibaldi. Arte e storia si è svolto nel Palazzo Venezia/ Museo Centrale del Risorgimento.,Palazzo Venezia/ Museo Centrale del Risorgimento,http://www.sigecweb.beniculturali.it/images/fullsize/ICCD1024485/ICCD11306555_Induno G. Garibaldi G 3958.jpg,https://w3id.org/arco/resource/HistoricOrArtisticProperty/1200489494
EVENTSITE,Dove si è svolto l'evento culturale relativo al bene?,"L'evento culturale Garibaldi, Arte e Storia si è svolto nel Palazzo Venezia/ Museo Centrale del Risorgimento.",Palazzo Venezia/ Museo Centrale del Risorgimento,http://www.sigecweb.beniculturali.it/images/fullsize/ICCD1024485/ICCD11306555_Induno G. Garibaldi G 3958.jpg,https://w3id.org/arco/resource/HistoricOrArtisticProperty/1200489494
EVENTSITE,Dove si è svolto l'evento culturale relativo al bene?,L'evento culturale Garibaldi Arte e Storia si è svolto nel Palazzo Venezia/ Museo Centrale del Risorgimento.,Palazzo Venezia/ Museo Centrale del Risorgimento,http://www.sigecweb.beniculturali.it/images/fullsize/ICCD1024485/ICCD11306531_Ademollo Carlo- Solferino H 1330.jpg,https://w3id.org/arco/resource/HistoricOrArtisticProperty/1200827471
EVENTSITE,Dove si è svolto l'evento culturale relativo al bene?,L'evento culturale Garibaldi. Arte e Storia si è svolto nel Palazzo Venezia/ Museo Centrale del Risorgimento.,Palazzo Venezia/ Museo Centrale del Risorgimento,http://www.sigecweb.beniculturali.it/images/fullsize/ICCD1024485/ICCD11306531_Ademollo Carlo- Solferino H 1330.jpg,https://w3id.org/arco/resource/HistoricOrArtisticProperty/1200827471
EVENTSITE,Dove si è svolto l'evento culturale relativo al bene?,L'evento culturale Garibaldi. Arte e storia si è svolto nel Palazzo Venezia/ Museo Centrale del Risorgimento.,Palazzo Venezia/ Museo Centrale del Risorgimento,http://www.sigecweb.beniculturali.it/images/fullsize/ICCD1024485/ICCD11306531_Ademollo Carlo- Solferino H 1330.jpg,https://w3id.org/arco/resource/HistoricOrArtisticProperty/1200827471
EVENTSITE,Dove si è svolto l'evento culturale relativo al bene?,"L'evento culturale Garibaldi, Arte e Storia si è svolto nel Palazzo Venezia/ Museo Centrale del Risorgimento.",Palazzo Venezia/ Museo Centrale del Risorgimento,http://www.sigecweb.beniculturali.it/images/fullsize/ICCD1024485/ICCD11306531_Ademollo Carlo- Solferino H 1330.jpg,https://w3id.org/arco/resource/HistoricOrArtisticProperty/1200827471
EVENTSITE,Dove si è svolto l'evento culturale relativo al bene?,L'evento culturale Il Museo della casa fiorentina antica in Palazzo Davanzati. Gli arredi storici nelle foto di Elia Volpi si è svolto nel Museo di Palazzo Davanzati.,Museo di Palazzo Davanzati,http://www.sigecweb.beniculturali.it/images/fullsize/ICCD1015745/ICCD11412287_SSPSAEPM FI 24732UC.jpg,https://w3id.org/arco/resource/PhotographicHeritage/0900748865-38
EVENTSITE,Dove si è svolto l'evento culturale relativo al bene?,L'evento culturale Il Museo della casa fiorentina antica in Palazzo Davanzati. Gli arredi storici nelle foto di Elia Volpi si è svolto nel Museo di Palazzo Davanzati.,Museo di Palazzo Davanzati,http://www.sigecweb.beniculturali.it/images/fullsize/ICCD1015745/ICCD11210186_SSPSAEPM FI 24527UC.jpg,https://w3id.org/arco/resource/PhotographicHeritage/0900748778
EVENTSITE,Dove si è svolto l'evento culturale relativo al bene?,L'evento culturale Il Museo della casa fiorentina antica in Palazzo Davanzati. Gli arredi storici nelle foto di Elia Volpi si è svolto nel Museo di Palazzo Davanzati.,Museo di Palazzo Davanzati,http://www.sigecweb.beniculturali.it/images/fullsize/ICCD1015745/ICCD11157746_SSPSAEPM FI 25225UC.jpg,https://w3id.org/arco/resource/PhotographicHeritage/0900748724
